{"initial_reset_timestamp": 1631629506.1362576, "timestamps": [1631629509.4478216, 1631629511.4704485, 1631629513.616005, 1631629515.7706685, 1631629518.2479045, 1631629520.885659, 1631629523.52455, 1631629526.1607301, 1631629528.5164711, 1631629531.0008988], "episode_lengths": [200, 200, 200, 200, 200, 200, 200, 200, 200, 200], "episode_rewards": [200.0, 200.0, 200.0, 200.0, 200.0, 200.0, 200.0, 200.0, 200.0, 200.0], "episode_types": ["t", "t", "t", "t", "t", "t", "t", "t", "t", "t"]}